sequence,active
KKPLTDNGATSRHM,0
YRITRGDMFYVSAHDRHSYESVHELELDNILYIRNRLTLSADWQT,0
ETLIQTIESVRNVEGVLA,0
SSLSPILMDSFGDDLQKLKE,0
GRIVDLVEKRV,0
FHDRGPETLKCLYDESEDNNNF,0
ELTEFKPASEVQEPNEVKMSSGAHAGLQSAEQVAEQ,0
ADRTYFVTSSKDKSARLYDSRTLEVI,0
RNALYKWEFEESEEDPV,0
KITITECIYCGKDNKEVERNVKHMFSEHGLFIPERSYLIDLNGLLEFL,0
YQALKKKYPRVKLGGNIGVSPLSFF,0
DESARSLTNVVFTTADLERDQAIAKDATKEGLFNL,0
VVPTLRFFYDEGPDAERR,0
IRVGIGRPEFSSQVKDYVLEEFNTQELA,0
TENEANKSTDDPSQLSV,0
YIQKQLKKYDAHIDAFYYCPHHPI,0
KKCTKPLVLWEEM,0
SLQHQALIERLPQLLEPDGVASFILPKAE,0
QERFIVNNHLQKAKVRLLDIEKSKAIGKGG,0
EERNSERNLLLFRLESLLSWSEHLAL,0
VTGPRLDAVEPVFRHAQRLLPQATVSRAAL,0
EGCTHVIVTTACGSLREEIQPGDIVIIDQFIDRTTM,0
LEELFKSAKEEL,0
GRKSNSLMNLCGPKLYKQPAAKSNRGIILNAVEYCVF,0
YESVQLEKTWKEKFAIVARLLPSFISLPLSKRILIIG,0
GVLDILKNAAKNILAHAAEQI,1
KKCKFFCKVKKKIKSIGFQIPIVSIPFK,1
SWLSKTAKKLENSAKKRISEGIAIAIQGGPR,1
GIWSSIKNLASKAWNSDIGQSLRNKAAGAINKFVADKIGVTPSQAAS,1
WSCPTLSGVCRKVCLPTEMFFGPLGCGKEFQCCVSHFF,1
IWSFLIKAATKLLPSLFGGGKKDS,1
GFFALIPKIISSPLFKTLLSAVGSALSSSGEQE,1
ALKAALLAILKIVRVIKK,1
KRGLWESLKRKATKLGDDIRNTLRNFKIKFPVPRQG,1
KWKVFKKIEKMGRNIRNGIVKAGPAIAVLGEAKAILS,1
GWGSFFKKAAHVGKHVGKAALTHYL,1
QQCGRQAGNRRCANNLCCSQYGYCGRTNEYCCTSQGCQSQCRRCG,1
FIPGLRRLFATVVPTVVCAINKLPPG,1
AKKVFKRLEKLFSKIQNDK,1
GLPVCGETCVGGTCNTPGCTCSWPVCTRN,1
IDWLKLGKMVMDVL,1
MNFLKNGIAKWMTGAELQAYKKKYGCLPWEKISC,1
LRDLVCYCRTRGCKRRERMNGTCRKGHLMYTLCCR,1
VGRKHSILNCIPYLKKKKIMRL,1
ASHLGHHALDHLLK,1
GIFSKLGRKKIKNLLISGLKNVGKEVGMDVVRTGIDIAGCKIKGEC,1
FLPAALAGIGGILGKLF,1
GPDSCNHDRGLCRVGNCNPGEYLAKYCFEPVILCCKPLSPTPTKT,1
CEWYNISCQLGNKGQWCTLTKECQRSCK,1
HHHLFGHVGHEVERSLHKVGHKLEHACHEVHKTAKKVQK,1
